timestamp,node_id,location,night,motion,brightness_pct,voltage_V,current_A,power_W,energy_kWh,rssi
2026-04-11 23:33:12,SL-01,KIIT_GATE_1,0,0,0.0,235.92,0.0,0.0,0.0,-110
2026-04-11 23:33:13,SL-01,KIIT_GATE_1,1,1,100.0,237.0,1.155,273.85,4.8e-05,-43
2026-04-11 23:33:15,SL-01,KIIT_GATE_1,1,0,30.0,227.26,1.122,254.92,0.00019,-62
2026-04-11 23:33:17,SL-01,KIIT_GATE_1,1,0,30.0,230.04,1.149,264.32,0.000336,-66
2026-04-11 23:33:21,SL-01,KIIT_GATE_1,1,1,100.0,230.48,0.693,159.65,0.000514,-57
2026-04-11 23:33:23,SL-01,KIIT_GATE_1,0,0,0.0,228.9,0.0,0.0,0.000514,-86
2026-04-11 23:33:25,SL-01,KIIT_GATE_1,1,1,100.0,239.72,0.741,177.58,0.000612,-117
2026-04-11 23:33:27,SL-01,KIIT_GATE_1,0,0,0.0,225.14,0.0,0.0,0.000612,-66
2026-04-11 23:33:29,SL-01,KIIT_GATE_1,0,0,0.0,225.08,0.0,0.0,0.000612,-58
2026-04-11 23:33:31,SL-01,KIIT_GATE_1,1,0,30.0,226.18,0.734,166.08,0.000705,-74
2026-04-11 23:33:33,SL-01,KIIT_GATE_1,1,0,30.0,239.56,0.542,129.82,0.000777,-78
2026-04-11 23:33:35,SL-01,KIIT_GATE_1,0,0,0.0,226.5,0.0,0.0,0.000777,-98
2026-04-11 23:33:37,SL-01,KIIT_GATE_1,0,0,0.0,233.04,0.0,0.0,0.000777,-88
2026-04-11 23:33:39,SL-01,KIIT_GATE_1,0,0,0.0,228.9,0.0,0.0,0.000777,-51
2026-04-11 23:33:41,SL-01,KIIT_GATE_1,1,1,100.0,232.68,1.111,258.58,0.00092,-89
2026-04-12 00:05:02,SL-01,KIIT_GATE_1,0,0,0.0,235.92,0.0,0.0,0.0,-110
2026-04-12 00:05:03,SL-01,KIIT_GATE_1,1,1,100.0,237.0,1.155,273.85,4.9e-05,-43
2026-04-12 00:05:05,SL-01,KIIT_GATE_1,1,0,30.0,227.26,1.122,254.92,0.00019,-62
2026-04-12 00:05:07,SL-01,KIIT_GATE_1,1,0,30.0,230.04,1.149,264.32,0.000338,-66
2026-04-12 00:05:09,SL-01,KIIT_GATE_1,1,0,30.0,223.34,1.051,234.84,0.000468,-51
2026-04-12 00:05:11,SL-01,KIIT_GATE_1,1,1,100.0,230.48,0.693,159.65,0.000557,-57
2026-04-12 00:05:13,SL-01,KIIT_GATE_1,0,0,0.0,228.9,0.0,0.0,0.000557,-86
2026-04-12 00:05:15,SL-01,KIIT_GATE_1,1,1,100.0,239.72,0.741,177.58,0.000655,-117
2026-04-12 00:05:17,SL-01,KIIT_GATE_1,0,0,0.0,225.14,0.0,0.0,0.000655,-66
2026-04-12 00:05:19,SL-01,KIIT_GATE_1,0,0,0.0,225.08,0.0,0.0,0.000655,-58
2026-04-12 00:05:21,SL-01,KIIT_GATE_1,1,0,30.0,226.18,0.734,166.08,0.000747,-74
2026-04-12 00:05:23,SL-01,KIIT_GATE_1,1,0,30.0,239.56,0.542,129.82,0.00082,-78
2026-04-12 00:05:25,SL-01,KIIT_GATE_1,0,0,0.0,226.5,0.0,0.0,0.00082,-98
2026-04-12 00:05:27,SL-01,KIIT_GATE_1,0,0,0.0,233.04,0.0,0.0,0.00082,-88
2026-04-12 00:05:29,SL-01,KIIT_GATE_1,0,0,0.0,228.9,0.0,0.0,0.00082,-51
2026-04-12 00:05:31,SL-01,KIIT_GATE_1,1,1,100.0,232.68,1.111,258.58,0.000963,-89
2026-04-12 00:05:33,SL-01,KIIT_GATE_1,0,0,0.0,227.14,0.0,0.0,0.000963,-63
2026-04-12 00:05:35,SL-01,KIIT_GATE_1,1,0,30.0,221.94,0.923,204.81,0.001077,-71
2026-04-12 00:05:37,SL-01,KIIT_GATE_1,0,0,0.0,224.04,0.0,0.0,0.001077,-99
2026-04-12 00:05:39,SL-01,KIIT_GATE_1,1,0,30.0,233.26,0.996,232.23,0.001206,-80
2026-04-12 00:05:41,SL-01,KIIT_GATE_1,0,0,0.0,237.24,0.0,0.0,0.001206,-104
2026-04-12 00:05:43,SL-01,KIIT_GATE_1,0,0,0.0,239.46,0.0,0.0,0.001206,-50
2026-04-12 00:05:45,SL-01,KIIT_GATE_1,0,0,0.0,228.24,0.0,0.0,0.001206,-108
2026-04-12 00:05:47,SL-01,KIIT_GATE_1,1,0,30.0,239.98,0.957,229.56,0.001334,-97
2026-04-12 00:05:49,SL-01,KIIT_GATE_1,1,0,30.0,237.6,0.993,235.94,0.001465,-89
2026-04-12 00:05:51,SL-01,KIIT_GATE_1,1,0,30.0,221.98,1.128,250.44,0.001604,-105
2026-04-12 00:05:53,SL-01,KIIT_GATE_1,1,0,30.0,222.46,0.434,96.55,0.001658,-108
2026-04-12 00:05:55,SL-01,KIIT_GATE_1,0,0,0.0,235.96,0.0,0.0,0.001658,-51
2026-04-12 00:05:57,SL-01,KIIT_GATE_1,1,0,30.0,232.54,0.563,130.85,0.00173,-78
2026-04-12 00:05:59,SL-01,KIIT_GATE_1,1,0,30.0,227.4,1.035,235.27,0.001861,-118
2026-04-12 00:06:01,SL-01,KIIT_GATE_1,1,1,100.0,223.5,1.462,326.82,0.002043,-105
2026-04-12 00:06:03,SL-01,KIIT_GATE_1,0,0,0.0,224.94,0.0,0.0,0.002043,-117
2026-04-12 00:06:05,SL-01,KIIT_GATE_1,1,0,30.0,231.94,0.833,193.23,0.002151,-108
2026-04-12 00:06:07,SL-01,KIIT_GATE_1,0,0,0.0,236.7,0.0,0.0,0.002151,-61
2026-04-12 00:06:09,SL-01,KIIT_GATE_1,1,0,30.0,239.24,1.396,333.98,0.002336,-73
2026-04-12 00:06:11,SL-01,KIIT_GATE_1,1,1,100.0,224.68,0.503,112.99,0.002399,-51
2026-04-12 00:06:13,SL-01,KIIT_GATE_1,1,1,100.0,238.34,0.988,235.43,0.00253,-74
2026-04-12 00:06:15,SL-01,KIIT_GATE_1,1,1,100.0,225.16,0.901,202.8,0.002643,-118
2026-04-12 00:06:17,SL-01,KIIT_GATE_1,0,0,0.0,232.72,0.0,0.0,0.002643,-50
2026-04-12 00:08:13,SL-01,KIIT_GATE_1,0,0,0.0,235.92,0.0,0.0,0.0,-110
2026-04-12 00:08:14,SL-01,KIIT_GATE_1,1,1,100.0,237.0,1.155,273.85,4.9e-05,-43
2026-04-12 00:08:16,SL-01,KIIT_GATE_1,1,0,30.0,227.26,1.122,254.92,0.000191,-62
2026-04-12 00:08:18,SL-01,KIIT_GATE_1,1,0,30.0,230.04,1.149,264.32,0.000338,-66
2026-04-12 00:08:20,SL-01,KIIT_GATE_1,1,0,30.0,223.34,1.051,234.84,0.000468,-51
2026-04-12 00:08:22,SL-01,KIIT_GATE_1,1,1,100.0,230.48,0.693,159.65,0.000557,-57
2026-04-12 00:08:24,SL-01,KIIT_GATE_1,0,0,0.0,228.9,0.0,0.0,0.000557,-86
2026-04-12 00:08:26,SL-01,KIIT_GATE_1,1,1,100.0,239.72,0.741,177.58,0.000656,-117
2026-04-12 00:08:28,SL-01,KIIT_GATE_1,0,0,0.0,225.14,0.0,0.0,0.000656,-66
2026-04-12 00:08:30,SL-01,KIIT_GATE_1,0,0,0.0,225.08,0.0,0.0,0.000656,-58
2026-04-12 00:08:32,SL-01,KIIT_GATE_1,1,0,30.0,226.18,0.734,166.08,0.000748,-74
2026-04-12 00:08:34,SL-01,KIIT_GATE_1,1,0,30.0,239.56,0.542,129.82,0.00082,-78
2026-04-12 00:08:36,SL-01,KIIT_GATE_1,0,0,0.0,226.5,0.0,0.0,0.00082,-98
2026-04-12 00:08:38,SL-01,KIIT_GATE_1,0,0,0.0,233.04,0.0,0.0,0.00082,-88
2026-04-12 00:08:40,SL-01,KIIT_GATE_1,0,0,0.0,228.9,0.0,0.0,0.00082,-51
2026-04-12 00:08:42,SL-01,KIIT_GATE_1,1,1,100.0,232.68,1.111,258.58,0.000964,-89
2026-04-12 00:08:44,SL-01,KIIT_GATE_1,0,0,0.0,227.14,0.0,0.0,0.000964,-63
2026-04-12 00:08:46,SL-01,KIIT_GATE_1,1,0,30.0,221.94,0.923,204.81,0.001077,-71
2026-04-12 00:08:48,SL-01,KIIT_GATE_1,0,0,0.0,224.04,0.0,0.0,0.001077,-99
2026-04-12 00:08:50,SL-01,KIIT_GATE_1,1,0,30.0,233.26,0.996,232.23,0.001206,-80
2026-04-12 00:08:52,SL-01,KIIT_GATE_1,0,0,0.0,237.24,0.0,0.0,0.001206,-104
2026-04-12 00:08:54,SL-01,KIIT_GATE_1,0,0,0.0,239.46,0.0,0.0,0.001206,-50
2026-04-12 00:08:56,SL-01,KIIT_GATE_1,0,0,0.0,228.24,0.0,0.0,0.001206,-108
2026-04-12 00:08:58,SL-01,KIIT_GATE_1,1,0,30.0,239.98,0.957,229.56,0.001334,-97
2026-04-12 00:09:00,SL-01,KIIT_GATE_1,1,0,30.0,237.6,0.993,235.94,0.001464,-89
2026-04-12 00:09:02,SL-01,KIIT_GATE_1,1,0,30.0,221.98,1.128,250.44,0.001603,-105
2026-04-12 00:09:04,SL-01,KIIT_GATE_1,1,0,30.0,222.46,0.434,96.55,0.001657,-108
2026-04-12 00:09:06,SL-01,KIIT_GATE_1,0,0,0.0,235.96,0.0,0.0,0.001657,-51
2026-04-12 00:09:08,SL-01,KIIT_GATE_1,1,0,30.0,232.54,0.563,130.85,0.00173,-78
2026-04-12 00:09:10,SL-01,KIIT_GATE_1,1,0,30.0,227.4,1.035,235.27,0.001861,-118
2026-04-12 00:09:12,SL-01,KIIT_GATE_1,1,1,100.0,223.5,1.462,326.82,0.002042,-105
2026-04-12 00:09:14,SL-01,KIIT_GATE_1,0,0,0.0,224.94,0.0,0.0,0.002042,-117
2026-04-12 00:09:16,SL-01,KIIT_GATE_1,1,0,30.0,231.94,0.833,193.23,0.002149,-108
2026-04-12 08:46:21,SL-01,KIIT_GATE_1,0,0,0.0,235.92,0.0,0.0,0.0,-110
2026-04-12 08:46:21,SL-01,KIIT_GATE_1,1,1,100.0,237.0,1.155,273.85,4.6e-05,-43
2026-04-12 08:46:23,SL-01,KIIT_GATE_1,1,0,30.0,227.26,1.122,254.92,0.000188,-62
2026-04-12 08:46:25,SL-01,KIIT_GATE_1,1,0,30.0,230.04,1.149,264.32,0.000335,-66
2026-04-12 08:46:27,SL-01,KIIT_GATE_1,1,0,30.0,223.34,1.051,234.84,0.000465,-51
2026-04-12 08:46:29,SL-01,KIIT_GATE_1,1,1,100.0,230.48,0.693,159.65,0.000554,-57
2026-04-12 08:46:31,SL-01,KIIT_GATE_1,0,0,0.0,228.9,0.0,0.0,0.000554,-86
2026-04-12 08:46:33,SL-01,KIIT_GATE_1,1,1,100.0,239.72,0.741,177.58,0.000652,-117
2026-04-12 08:46:35,SL-01,KIIT_GATE_1,0,0,0.0,225.14,0.0,0.0,0.000652,-66
2026-04-12 08:46:37,SL-01,KIIT_GATE_1,0,0,0.0,225.08,0.0,0.0,0.000652,-58
2026-04-12 08:46:39,SL-01,KIIT_GATE_1,1,0,30.0,226.18,0.734,166.08,0.000744,-74
2026-04-12 08:46:41,SL-01,KIIT_GATE_1,1,0,30.0,239.56,0.542,129.82,0.000817,-78
2026-04-12 08:46:43,SL-01,KIIT_GATE_1,0,0,0.0,226.5,0.0,0.0,0.000817,-98
2026-04-12 08:46:45,SL-01,KIIT_GATE_1,0,0,0.0,233.04,0.0,0.0,0.000817,-88
2026-04-12 08:46:47,SL-01,KIIT_GATE_1,0,0,0.0,228.9,0.0,0.0,0.000817,-51
2026-04-12 08:46:49,SL-01,KIIT_GATE_1,1,1,100.0,232.68,1.111,258.58,0.00096,-89
2026-04-12 08:46:51,SL-01,KIIT_GATE_1,0,0,0.0,227.14,0.0,0.0,0.00096,-63
2026-04-12 08:46:53,SL-01,KIIT_GATE_1,1,0,30.0,221.94,0.923,204.81,0.001074,-71
2026-04-12 08:46:55,SL-01,KIIT_GATE_1,0,0,0.0,224.04,0.0,0.0,0.001074,-99
2026-04-12 08:46:57,SL-01,KIIT_GATE_1,1,0,30.0,233.26,0.996,232.23,0.001203,-80
2026-04-12 08:46:59,SL-01,KIIT_GATE_1,0,0,0.0,237.24,0.0,0.0,0.001203,-104
2026-04-12 08:47:01,SL-01,KIIT_GATE_1,0,0,0.0,239.46,0.0,0.0,0.001203,-50
2026-04-12 08:47:03,SL-01,KIIT_GATE_1,0,0,0.0,228.24,0.0,0.0,0.001203,-108
2026-04-12 08:47:05,SL-01,KIIT_GATE_1,1,0,30.0,239.98,0.957,229.56,0.001332,-97
2026-04-12 08:47:07,SL-01,KIIT_GATE_1,1,0,30.0,237.6,0.993,235.94,0.001462,-89
2026-04-12 08:47:09,SL-01,KIIT_GATE_1,1,0,30.0,221.98,1.128,250.44,0.001601,-105
2026-04-12 08:47:11,SL-01,KIIT_GATE_1,1,0,30.0,222.46,0.434,96.55,0.001655,-108
2026-04-12 08:47:13,SL-01,KIIT_GATE_1,0,0,0.0,235.96,0.0,0.0,0.001655,-51
2026-04-12 08:47:15,SL-01,KIIT_GATE_1,1,0,30.0,232.54,0.563,130.85,0.001728,-78
2026-04-12 08:47:17,SL-01,KIIT_GATE_1,1,0,30.0,227.4,1.035,235.27,0.001858,-118
2026-04-12 08:47:19,SL-01,KIIT_GATE_1,1,1,100.0,223.5,1.462,326.82,0.00204,-105
2026-04-12 08:47:21,SL-01,KIIT_GATE_1,0,0,0.0,224.94,0.0,0.0,0.00204,-117
2026-04-12 08:47:23,SL-01,KIIT_GATE_1,1,0,30.0,231.94,0.833,193.23,0.002147,-108
2026-04-12 08:47:25,SL-01,KIIT_GATE_1,0,0,0.0,236.7,0.0,0.0,0.002147,-612026-04-12 09:39:42,SL-01,KIIT_GATE_1,0,0,0.0,235.92,0.0,0.0,0.0,-110
2026-04-12 09:39:43,SL-01,KIIT_GATE_1,1,1,100.0,237.0,1.155,273.85,5.2e-05,-43
2026-04-12 09:39:45,SL-01,KIIT_GATE_1,1,0,30.0,227.26,1.122,254.92,0.000194,-62
2026-04-20 14:13:30,SL-01,IIT BBSR,1,1,100.0,230.0,0.06,13.8,0.0,
2026-04-20 14:13:32,SL-01,IIT BBSR,1,1,100.0,230.0,0.06,13.8,7e-06,
2026-04-20 14:13:34,SL-01,IIT BBSR,1,1,100.0,230.0,0.06,13.8,1.5e-05,
2026-04-20 14:13:36,SL-01,IIT BBSR,1,1,100.0,230.0,0.06,13.8,2.3e-05,
2026-04-20 14:13:38,SL-01,IIT BBSR,1,1,100.0,230.0,0.06,13.8,3.1e-05,
2026-04-20 14:13:40,SL-01,IIT BBSR,1,1,100.0,230.0,0.06,13.8,3.9e-05,
2026-04-20 14:13:42,SL-01,IIT BBSR,1,1,100.0,230.0,0.06,13.8,4.7e-05,
2026-04-20 14:13:44,SL-01,IIT BBSR,1,1,100.0,230.0,0.06,13.8,5.5e-05,
2026-04-20 14:13:46,SL-01,IIT BBSR,1,1,100.0,230.0,0.06,13.8,6.3e-05,
2026-04-20 14:13:49,SL-01,IIT BBSR,1,1,100.0,230.0,0.06,13.8,7.1e-05,
2026-04-20 14:13:51,SL-01,IIT BBSR,1,1,100.0,230.0,0.06,13.8,8e-05,
2026-04-20 14:13:53,SL-01,IIT BBSR,1,1,100.0,230.0,0.06,13.8,8.8e-05,
2026-04-20 14:13:55,SL-01,IIT BBSR,1,1,100.0,230.0,0.06,13.8,9.6e-05,
2026-04-20 14:13:57,SL-01,IIT BBSR,1,1,100.0,230.0,0.06,13.8,0.000104,
2026-04-20 14:13:59,SL-01,IIT BBSR,1,1,100.0,230.0,0.06,13.8,0.000112,
2026-04-20 14:14:01,SL-01,IIT BBSR,1,1,100.0,230.0,0.06,13.8,0.00012,
2026-04-20 14:14:03,SL-01,IIT BBSR,1,1,100.0,230.0,0.06,13.8,0.000128,
2026-04-20 14:14:06,SL-01,IIT BBSR,0,1,0.0,0.0,0.0,0.0,0.000128,
2026-04-20 14:14:08,SL-01,IIT BBSR,1,1,100.0,230.0,0.06,13.8,0.000136,
2026-04-20 14:14:16,SL-01,IIT BBSR,1,1,100.0,230.0,0.06,13.8,0.000168,
2026-04-20 14:14:16,SL-01,IIT BBSR,1,1,100.0,230.0,0.06,13.8,0.000169,
2026-04-20 14:14:17,SL-01,IIT BBSR,1,1,100.0,230.0,0.06,13.8,0.000171,
2026-04-20 14:14:17,SL-01,IIT BBSR,1,1,100.0,230.0,0.06,13.8,0.000171,
2026-04-20 14:14:18,SL-01,IIT BBSR,0,1,0.0,0.0,0.0,0.0,0.000171,
2026-04-20 14:14:20,SL-01,IIT BBSR,0,1,0.0,0.0,0.0,0.0,0.000171,
2026-04-20 14:14:22,SL-01,IIT BBSR,0,1,0.0,0.0,0.0,0.0,0.000171,
2026-04-20 14:14:25,SL-01,IIT BBSR,0,1,0.0,0.0,0.0,0.0,0.000171,
2026-04-20 14:14:27,SL-01,IIT BBSR,0,1,0.0,0.0,0.0,0.0,0.000171,
2026-04-20 14:14:29,SL-01,IIT BBSR,0,1,0.0,0.0,0.0,0.0,0.000171,
2026-04-20 14:14:31,SL-01,IIT BBSR,0,1,0.0,0.0,0.0,0.0,0.000171,
2026-04-20 14:14:33,SL-01,IIT BBSR,0,1,0.0,0.0,0.0,0.0,0.000171,
2026-04-20 14:14:35,SL-01,IIT BBSR,0,1,0.0,0.0,0.0,0.0,0.000171,
2026-04-20 14:14:37,SL-01,IIT BBSR,0,1,0.0,0.0,0.0,0.0,0.000171,
2026-04-20 14:14:39,SL-01,IIT BBSR,1,1,100.0,230.0,0.06,13.8,0.000179,
2026-04-20 14:14:41,SL-01,IIT BBSR,1,1,100.0,230.0,0.06,13.8,0.000187,
2026-04-20 14:14:43,SL-01,IIT BBSR,1,1,100.0,230.0,0.06,13.8,0.000196,
2026-04-20 14:14:46,SL-01,IIT BBSR,1,1,100.0,230.0,0.06,13.8,0.000204,
2026-04-20 14:14:48,SL-01,IIT BBSR,1,1,100.0,230.0,0.06,13.8,0.000212,
2026-04-20 14:14:50,SL-01,IIT BBSR,1,1,100.0,230.0,0.06,13.8,0.00022,
2026-04-20 14:14:52,SL-01,IIT BBSR,1,1,100.0,230.0,0.06,13.8,0.000228,
2026-04-20 14:14:54,SL-01,IIT BBSR,1,1,100.0,230.0,0.06,13.8,0.000236,
2026-04-20 14:14:56,SL-01,IIT BBSR,1,1,100.0,230.0,0.06,13.8,0.000244,
2026-04-20 14:14:58,SL-01,IIT BBSR,1,1,100.0,230.0,0.06,13.8,0.000252,
2026-04-20 14:15:00,SL-01,IIT BBSR,0,1,0.0,0.0,0.0,0.0,0.000252,
2026-04-20 14:15:02,SL-01,IIT BBSR,0,1,0.0,0.0,0.0,0.0,0.000252,
2026-04-20 14:15:05,SL-01,IIT BBSR,1,1,100.0,230.0,0.06,13.8,0.00026,
2026-04-20 14:15:07,SL-01,IIT BBSR,1,1,100.0,230.0,0.06,13.8,0.000268,
2026-04-20 14:15:09,SL-01,IIT BBSR,1,1,100.0,230.0,0.06,13.8,0.000277,
2026-04-20 14:15:11,SL-01,IIT BBSR,1,1,100.0,230.0,0.06,13.8,0.000285,
2026-04-20 14:15:13,SL-01,IIT BBSR,1,1,100.0,230.0,0.06,13.8,0.000293,
2026-04-20 14:15:15,SL-01,IIT BBSR,1,1,100.0,230.0,0.06,13.8,0.000301,
2026-04-20 14:15:17,SL-01,IIT BBSR,1,1,100.0,230.0,0.06,13.8,0.000309,
2026-04-20 14:15:19,SL-01,IIT BBSR,1,1,100.0,230.0,0.06,13.8,0.000317,
2026-04-20 14:15:21,SL-01,IIT BBSR,1,1,100.0,230.0,0.06,13.8,0.000325,
2026-04-20 14:15:24,SL-01,IIT BBSR,1,1,100.0,230.0,0.06,13.8,0.000333,
2026-04-20 14:15:26,SL-01,IIT BBSR,1,1,100.0,230.0,0.06,13.8,0.000341,
2026-04-20 14:15:28,SL-01,IIT BBSR,1,1,100.0,230.0,0.06,13.8,0.00035,
2026-04-20 14:15:30,SL-01,IIT BBSR,1,1,100.0,230.0,0.06,13.8,0.000358,
2026-04-20 14:15:32,SL-01,IIT BBSR,1,1,100.0,230.0,0.06,13.8,0.000366,
2026-04-20 14:15:34,SL-01,IIT BBSR,1,1,100.0,230.0,0.06,13.8,0.000374,
2026-04-20 14:15:36,SL-01,IIT BBSR,1,1,100.0,230.0,0.06,13.8,0.000382,
2026-04-20 14:15:38,SL-01,IIT BBSR,1,1,100.0,230.0,0.06,13.8,0.00039,
2026-04-20 14:15:41,SL-01,IIT BBSR,1,1,100.0,230.0,0.06,13.8,0.000398,
2026-04-20 14:15:43,SL-01,IIT BBSR,1,1,100.0,230.0,0.06,13.8,0.000406,
2026-04-20 14:15:45,SL-01,IIT BBSR,1,1,100.0,230.0,0.06,13.8,0.000414,
2026-04-20 14:15:47,SL-01,IIT BBSR,1,1,100.0,230.0,0.06,13.8,0.000422,
2026-04-20 14:15:49,SL-01,IIT BBSR,1,1,100.0,230.0,0.06,13.8,0.000431,
2026-04-20 14:15:51,SL-01,IIT BBSR,1,1,100.0,230.0,0.06,13.8,0.000439,
2026-04-20 14:15:53,SL-01,IIT BBSR,1,1,100.0,230.0,0.06,13.8,0.000447,
2026-04-20 14:15:55,SL-01,IIT BBSR,1,1,100.0,230.0,0.06,13.8,0.000455,
2026-04-20 14:15:57,SL-01,IIT BBSR,1,1,100.0,230.0,0.06,13.8,0.000463,
2026-04-20 14:16:00,SL-01,IIT BBSR,1,1,100.0,230.0,0.06,13.8,0.000471,
2026-04-20 14:16:02,SL-01,IIT BBSR,1,1,100.0,230.0,0.06,13.8,0.000479,
2026-04-20 14:16:04,SL-01,IIT BBSR,1,1,100.0,230.0,0.06,13.8,0.000487,
2026-04-20 14:16:06,SL-01,IIT BBSR,1,1,100.0,230.0,0.06,13.8,0.000495,
2026-04-20 14:16:08,SL-01,IIT BBSR,1,1,100.0,230.0,0.06,13.8,0.000504,
2026-04-20 14:16:10,SL-01,IIT BBSR,1,1,100.0,230.0,0.06,13.8,0.000512,
2026-04-20 14:16:12,SL-01,IIT BBSR,1,1,100.0,230.0,0.06,13.8,0.00052,
2026-04-20 14:16:14,SL-01,IIT BBSR,1,1,100.0,230.0,0.06,13.8,0.000528,
2026-04-20 14:16:16,SL-01,IIT BBSR,1,1,100.0,230.0,0.06,13.8,0.000536,
2026-04-20 14:16:19,SL-01,IIT BBSR,1,1,100.0,230.0,0.06,13.8,0.000544,
2026-04-20 14:16:21,SL-01,IIT BBSR,1,1,100.0,230.0,0.06,13.8,0.000552,
2026-04-20 14:16:23,SL-01,IIT BBSR,1,1,100.0,230.0,0.06,13.8,0.00056,
2026-04-20 14:16:25,SL-01,IIT BBSR,1,1,100.0,230.0,0.06,13.8,0.000568,
2026-04-20 14:16:27,SL-01,IIT BBSR,1,1,100.0,230.0,0.06,13.8,0.000576,
2026-04-20 14:16:29,SL-01,IIT BBSR,1,1,100.0,230.0,0.06,13.8,0.000585,
2026-04-20 14:16:31,SL-01,IIT BBSR,1,1,100.0,230.0,0.06,13.8,0.000593,
2026-04-20 14:16:33,SL-01,IIT BBSR,1,1,100.0,230.0,0.06,13.8,0.000601,
2026-04-20 14:16:35,SL-01,IIT BBSR,1,0,30.0,230.0,0.04,9.2,0.000606,
2026-04-20 14:16:38,SL-01,IIT BBSR,0,1,0.0,0.0,0.0,0.0,0.000606,
2026-04-20 14:16:40,SL-01,IIT BBSR,0,1,0.0,0.0,0.0,0.0,0.000606,
2026-04-20 14:16:42,SL-01,IIT BBSR,1,1,100.0,230.0,0.06,13.8,0.000614,
2026-04-20 14:16:44,SL-01,IIT BBSR,1,1,100.0,230.0,0.06,13.8,0.000622,
2026-04-20 14:16:46,SL-01,IIT BBSR,1,1,100.0,230.0,0.06,13.8,0.000631,
2026-04-20 14:16:48,SL-01,IIT BBSR,1,1,100.0,230.0,0.06,13.8,0.000639,
2026-04-20 14:16:50,SL-01,IIT BBSR,1,1,100.0,230.0,0.06,13.8,0.000647,
2026-04-20 14:16:52,SL-01,IIT BBSR,1,1,100.0,230.0,0.06,13.8,0.000655,
2026-04-20 14:16:55,SL-01,IIT BBSR,1,1,100.0,230.0,0.06,13.8,0.000663,
2026-04-20 14:16:57,SL-01,IIT BBSR,1,1,100.0,230.0,0.06,13.8,0.000671,
2026-04-20 14:16:59,SL-01,IIT BBSR,1,1,100.0,230.0,0.06,13.8,0.000679,
2026-04-20 14:17:01,SL-01,IIT BBSR,1,1,100.0,230.0,0.06,13.8,0.000687,
2026-04-20 14:17:03,SL-01,IIT BBSR,1,1,100.0,230.0,0.06,13.8,0.000695,
2026-04-20 14:17:05,SL-01,IIT BBSR,1,1,100.0,230.0,0.06,13.8,0.000703,
2026-04-20 14:17:07,SL-01,IIT BBSR,1,1,100.0,230.0,0.06,13.8,0.000711,
2026-04-20 14:17:09,SL-01,IIT BBSR,1,1,100.0,230.0,0.06,13.8,0.00072,
2026-04-20 14:17:11,SL-01,IIT BBSR,1,1,100.0,230.0,0.06,13.8,0.000728,
2026-04-20 14:17:14,SL-01,IIT BBSR,1,1,100.0,230.0,0.06,13.8,0.000736,
2026-04-20 14:17:16,SL-01,IIT BBSR,1,1,100.0,230.0,0.06,13.8,0.000744,
2026-04-20 14:17:18,SL-01,IIT BBSR,1,1,100.0,230.0,0.06,13.8,0.000752,
2026-04-20 14:17:20,SL-01,IIT BBSR,1,1,100.0,230.0,0.06,13.8,0.00076,
2026-04-20 14:17:22,SL-01,IIT BBSR,1,1,100.0,230.0,0.06,13.8,0.000768,
2026-04-20 14:17:24,SL-01,IIT BBSR,1,1,100.0,230.0,0.06,13.8,0.000776,
2026-04-20 14:17:26,SL-01,IIT BBSR,0,1,0.0,0.0,0.0,0.0,0.000776,
2026-04-20 14:17:28,SL-01,IIT BBSR,0,1,0.0,0.0,0.0,0.0,0.000776,
2026-04-20 14:17:30,SL-01,IIT BBSR,1,1,100.0,230.0,0.06,13.8,0.000784,
2026-04-20 14:17:33,SL-01,IIT BBSR,1,1,100.0,230.0,0.06,13.8,0.000793,
2026-04-20 14:17:35,SL-01,IIT BBSR,1,1,100.0,230.0,0.06,13.8,0.000801,
2026-04-20 14:17:37,SL-01,IIT BBSR,1,1,100.0,230.0,0.06,13.8,0.000809,
2026-04-20 14:17:39,SL-01,IIT BBSR,1,1,100.0,230.0,0.06,13.8,0.000817,
2026-04-20 14:17:41,SL-01,IIT BBSR,1,1,100.0,230.0,0.06,13.8,0.000825,
2026-04-20 14:17:43,SL-01,IIT BBSR,1,1,100.0,230.0,0.06,13.8,0.000833,
2026-04-20 14:17:45,SL-01,IIT BBSR,1,1,100.0,230.0,0.06,13.8,0.000841,
2026-04-20 14:17:47,SL-01,IIT BBSR,1,1,100.0,230.0,0.06,13.8,0.000849,
2026-04-20 14:17:49,SL-01,IIT BBSR,1,1,100.0,230.0,0.06,13.8,0.000857,
2026-04-20 14:17:52,SL-01,IIT BBSR,1,1,100.0,230.0,0.06,13.8,0.000865,
2026-04-20 14:17:54,SL-01,IIT BBSR,1,1,100.0,230.0,0.06,13.8,0.000874,
2026-04-20 14:17:56,SL-01,IIT BBSR,0,1,0.0,0.0,0.0,0.0,0.000874,
2026-04-20 14:18:00,SL-01,IIT BBSR,1,1,100.0,230.0,0.06,13.8,0.00089,
2026-04-20 14:18:02,SL-01,IIT BBSR,1,1,100.0,230.0,0.06,13.8,0.000898,
2026-04-20 14:18:04,SL-01,IIT BBSR,1,1,100.0,230.0,0.06,13.8,0.000906,
2026-04-20 14:18:06,SL-01,IIT BBSR,1,1,100.0,230.0,0.06,13.8,0.000914,
2026-04-20 14:18:08,SL-01,IIT BBSR,1,1,100.0,230.0,0.06,13.8,0.000922,
2026-04-20 14:18:11,SL-01,IIT BBSR,1,1,100.0,230.0,0.06,13.8,0.00093,
2026-04-20 14:18:13,SL-01,IIT BBSR,1,1,100.0,230.0,0.06,13.8,0.000938,
2026-04-20 14:18:15,SL-01,IIT BBSR,1,1,100.0,230.0,0.06,13.8,0.000947,
2026-04-20 14:18:17,SL-01,IIT BBSR,1,1,100.0,230.0,0.06,13.8,0.000955,
2026-04-20 14:18:19,SL-01,IIT BBSR,1,1,100.0,230.0,0.06,13.8,0.000963,
2026-04-20 14:18:21,SL-01,IIT BBSR,1,1,100.0,230.0,0.06,13.8,0.000971,
2026-04-20 14:18:23,SL-01,IIT BBSR,1,1,100.0,230.0,0.06,13.8,0.000979,
2026-04-20 14:18:25,SL-01,IIT BBSR,1,1,100.0,230.0,0.06,13.8,0.000987,
2026-04-20 14:18:27,SL-01,IIT BBSR,1,1,100.0,230.0,0.06,13.8,0.000995,
2026-04-20 14:18:30,SL-01,IIT BBSR,0,1,0.0,0.0,0.0,0.0,0.000995,
2026-04-20 14:18:32,SL-01,IIT BBSR,0,1,0.0,0.0,0.0,0.0,0.000995,
2026-04-20 14:18:34,SL-01,IIT BBSR,1,1,100.0,230.0,0.06,13.8,0.001003,
2026-04-20 14:18:36,SL-01,IIT BBSR,1,1,100.0,230.0,0.06,13.8,0.001011,
2026-04-20 14:18:38,SL-01,IIT BBSR,1,1,100.0,230.0,0.06,13.8,0.00102,
2026-04-20 14:18:40,SL-01,IIT BBSR,1,1,100.0,230.0,0.06,13.8,0.001028,
2026-04-20 14:18:42,SL-01,IIT BBSR,1,1,100.0,230.0,0.06,13.8,0.001036,
2026-04-20 14:18:44,SL-01,IIT BBSR,1,1,100.0,230.0,0.06,13.8,0.001044,
2026-04-20 14:18:46,SL-01,IIT BBSR,1,1,100.0,230.0,0.06,13.8,0.001052,
2026-04-20 14:18:49,SL-01,IIT BBSR,1,1,100.0,230.0,0.06,13.8,0.00106,
2026-04-20 14:18:51,SL-01,IIT BBSR,1,1,100.0,230.0,0.06,13.8,0.001068,
2026-04-20 14:18:53,SL-01,IIT BBSR,1,1,100.0,230.0,0.06,13.8,0.001076,
2026-04-20 14:18:55,SL-01,IIT BBSR,1,1,100.0,230.0,0.06,13.8,0.001084,
2026-04-20 14:18:57,SL-01,IIT BBSR,1,1,100.0,230.0,0.06,13.8,0.001092,
2026-04-20 14:18:59,SL-01,IIT BBSR,1,1,100.0,230.0,0.06,13.8,0.001101,
2026-04-20 14:19:01,SL-01,IIT BBSR,1,1,100.0,230.0,0.06,13.8,0.001109,
2026-04-20 14:19:03,SL-01,IIT BBSR,1,1,100.0,230.0,0.06,13.8,0.001117,
2026-04-20 14:19:06,SL-01,IIT BBSR,1,1,100.0,230.0,0.06,13.8,0.001125,
2026-04-20 14:19:08,SL-01,IIT BBSR,1,1,100.0,230.0,0.06,13.8,0.001133,
2026-04-20 14:19:10,SL-01,IIT BBSR,1,1,100.0,230.0,0.06,13.8,0.001141,
2026-04-20 14:19:12,SL-01,IIT BBSR,1,1,100.0,230.0,0.06,13.8,0.001149,
2026-04-20 14:19:14,SL-01,IIT BBSR,0,1,0.0,0.0,0.0,0.0,0.001149,
2026-04-20 14:19:16,SL-01,IIT BBSR,1,1,100.0,230.0,0.06,13.8,0.001157,
2026-04-20 14:19:18,SL-01,IIT BBSR,1,1,100.0,230.0,0.06,13.8,0.001165,
2026-04-20 14:19:20,SL-01,IIT BBSR,1,1,100.0,230.0,0.06,13.8,0.001173,
2026-04-20 14:19:22,SL-01,IIT BBSR,1,1,100.0,230.0,0.06,13.8,0.001182,
2026-04-20 14:19:25,SL-01,IIT BBSR,1,1,100.0,230.0,0.06,13.8,0.00119,
2026-04-20 14:19:27,SL-01,IIT BBSR,1,1,100.0,230.0,0.06,13.8,0.001198,
2026-04-20 14:19:29,SL-01,IIT BBSR,1,1,100.0,230.0,0.06,13.8,0.001206,
2026-04-20 14:19:31,SL-01,IIT BBSR,1,1,100.0,230.0,0.06,13.8,0.001214,
2026-04-20 14:19:33,SL-01,IIT BBSR,1,1,100.0,230.0,0.06,13.8,0.001222,
2026-04-20 14:19:35,SL-01,IIT BBSR,1,1,100.0,230.0,0.06,13.8,0.00123,
2026-04-20 14:19:37,SL-01,IIT BBSR,1,1,100.0,230.0,0.06,13.8,0.001238,
2026-04-20 14:19:39,SL-01,IIT BBSR,1,1,100.0,230.0,0.06,13.8,0.001246,
2026-04-20 14:19:41,SL-01,IIT BBSR,1,1,100.0,230.0,0.06,13.8,0.001255,
2026-04-20 14:19:44,SL-01,IIT BBSR,1,1,100.0,230.0,0.06,13.8,0.001263,
2026-04-20 14:19:46,SL-01,IIT BBSR,1,1,100.0,230.0,0.06,13.8,0.001271,
2026-04-20 14:19:48,SL-01,IIT BBSR,1,1,100.0,230.0,0.06,13.8,0.001279,
2026-04-20 14:19:50,SL-01,IIT BBSR,1,1,100.0,230.0,0.06,13.8,0.001287,
2026-04-20 14:19:52,SL-01,IIT BBSR,1,1,100.0,230.0,0.06,13.8,0.001295,
2026-04-20 14:19:54,SL-01,IIT BBSR,1,1,100.0,230.0,0.06,13.8,0.001303,
2026-04-20 14:19:56,SL-01,IIT BBSR,1,1,100.0,230.0,0.06,13.8,0.001311,
2026-04-20 14:19:58,SL-01,IIT BBSR,1,1,100.0,230.0,0.06,13.8,0.001319,
2026-04-20 14:20:00,SL-01,IIT BBSR,1,1,100.0,230.0,0.06,13.8,0.001327,
2026-04-20 14:20:03,SL-01,IIT BBSR,1,1,100.0,230.0,0.06,13.8,0.001336,
2026-04-20 14:20:05,SL-01,IIT BBSR,1,1,100.0,230.0,0.06,13.8,0.001344,
2026-04-20 14:23:42,SL-01,IIT BBSR,1,1,100.0,230.0,0.06,13.8,0.002177,
2026-04-20 14:23:42,SL-01,IIT BBSR,1,1,100.0,230.0,0.06,13.8,0.002178,
2026-04-20 14:23:42,SL-01,IIT BBSR,1,1,100.0,230.0,0.06,13.8,0.002178,
2026-04-20 14:23:42,SL-01,IIT BBSR,1,1,100.0,230.0,0.06,13.8,0.002178,
2026-04-20 14:23:42,SL-01,IIT BBSR,1,1,100.0,230.0,0.06,13.8,0.002178,
2026-04-20 14:23:42,SL-01,IIT BBSR,1,1,100.0,230.0,0.06,13.8,0.002178,
2026-04-20 14:23:42,SL-01,IIT BBSR,1,1,100.0,230.0,0.06,13.8,0.002178,
2026-04-20 14:23:42,SL-01,IIT BBSR,1,1,100.0,230.0,0.06,13.8,0.002178,
2026-04-20 14:23:42,SL-01,IIT BBSR,1,1,100.0,230.0,0.06,13.8,0.002178,
2026-04-20 14:23:42,SL-01,IIT BBSR,1,1,100.0,230.0,0.06,13.8,0.002179,
2026-04-20 14:23:43,SL-01,IIT BBSR,1,1,100.0,230.0,0.06,13.8,0.002179,
2026-04-20 14:23:43,SL-01,IIT BBSR,1,1,100.0,230.0,0.06,13.8,0.002179,
2026-04-20 14:23:43,SL-01,IIT BBSR,1,1,100.0,230.0,0.06,13.8,0.002179,
2026-04-20 14:23:43,SL-01,IIT BBSR,1,1,100.0,230.0,0.06,13.8,0.002179,
2026-04-20 14:23:43,SL-01,IIT BBSR,1,1,100.0,230.0,0.06,13.8,0.002179,
2026-04-20 14:23:43,SL-01,IIT BBSR,1,1,100.0,230.0,0.06,13.8,0.002179,
2026-04-20 14:23:43,SL-01,IIT BBSR,1,1,100.0,230.0,0.06,13.8,0.002179,
2026-04-20 14:23:43,SL-01,IIT BBSR,1,1,100.0,230.0,0.06,13.8,0.002179,
2026-04-20 14:23:43,SL-01,IIT BBSR,1,1,100.0,230.0,0.06,13.8,0.002179,
2026-04-20 14:23:43,SL-01,IIT BBSR,1,1,100.0,230.0,0.06,13.8,0.002179,
2026-04-20 14:23:43,SL-01,IIT BBSR,1,1,100.0,230.0,0.06,13.8,0.002179,
2026-04-20 14:23:43,SL-01,IIT BBSR,1,1,100.0,230.0,0.06,13.8,0.002179,
2026-04-20 14:23:43,SL-01,IIT BBSR,1,1,100.0,230.0,0.06,13.8,0.002179,
2026-04-20 14:23:43,SL-01,IIT BBSR,0,1,0.0,0.0,0.0,0.0,0.002179,
2026-04-20 14:23:43,SL-01,IIT BBSR,0,1,0.0,0.0,0.0,0.0,0.002179,
2026-04-20 14:23:43,SL-01,IIT BBSR,0,1,0.0,0.0,0.0,0.0,0.002179,
2026-04-20 14:23:43,SL-01,IIT BBSR,0,1,0.0,0.0,0.0,0.0,0.002179,
2026-04-20 14:23:43,SL-01,IIT BBSR,0,1,0.0,0.0,0.0,0.0,0.002179,
2026-04-20 14:23:43,SL-01,IIT BBSR,0,1,0.0,0.0,0.0,0.0,0.002179,
2026-04-20 14:23:43,SL-01,IIT BBSR,0,1,0.0,0.0,0.0,0.0,0.002179,
2026-04-20 14:23:43,SL-01,IIT BBSR,0,1,0.0,0.0,0.0,0.0,0.002179,
2026-04-20 14:23:43,SL-01,IIT BBSR,0,1,0.0,0.0,0.0,0.0,0.002179,
2026-04-20 14:23:43,SL-01,IIT BBSR,0,1,0.0,0.0,0.0,0.0,0.002179,
2026-04-20 14:23:43,SL-01,IIT BBSR,0,1,0.0,0.0,0.0,0.0,0.002179,
2026-04-20 14:23:43,SL-01,IIT BBSR,0,1,0.0,0.0,0.0,0.0,0.002179,
2026-04-20 14:23:43,SL-01,IIT BBSR,0,1,0.0,0.0,0.0,0.0,0.002179,
2026-04-20 14:23:43,SL-01,IIT BBSR,0,1,0.0,0.0,0.0,0.0,0.002179,
2026-04-20 14:23:43,SL-01,IIT BBSR,0,1,0.0,0.0,0.0,0.0,0.002179,
2026-04-20 14:23:43,SL-01,IIT BBSR,0,1,0.0,0.0,0.0,0.0,0.002179,
2026-04-20 14:23:43,SL-01,IIT BBSR,0,1,0.0,0.0,0.0,0.0,0.002179,
2026-04-20 14:23:43,SL-01,IIT BBSR,0,1,0.0,0.0,0.0,0.0,0.002179,
2026-04-20 14:23:43,SL-01,IIT BBSR,0,1,0.0,0.0,0.0,0.0,0.002179,
2026-04-20 14:23:43,SL-01,IIT BBSR,0,1,0.0,0.0,0.0,0.0,0.002179,
2026-04-20 14:23:43,SL-01,IIT BBSR,0,1,0.0,0.0,0.0,0.0,0.002179,
2026-04-20 14:23:43,SL-01,IIT BBSR,0,1,0.0,0.0,0.0,0.0,0.002179,
2026-04-20 14:23:43,SL-01,IIT BBSR,0,1,0.0,0.0,0.0,0.0,0.002179,
2026-04-20 14:23:43,SL-01,IIT BBSR,0,1,0.0,0.0,0.0,0.0,0.002179,
2026-04-20 14:23:43,SL-01,IIT BBSR,0,1,0.0,0.0,0.0,0.0,0.002179,
2026-04-20 14:23:43,SL-01,IIT BBSR,0,1,0.0,0.0,0.0,0.0,0.002179,
2026-04-20 14:23:43,SL-01,IIT BBSR,0,0,0.0,0.0,0.0,0.0,0.002179,
2026-04-20 14:23:43,SL-01,IIT BBSR,0,1,0.0,0.0,0.0,0.0,0.002179,
2026-04-20 14:23:43,SL-01,IIT BBSR,0,0,0.0,0.0,0.0,0.0,0.002179,
2026-04-20 14:23:43,SL-01,IIT BBSR,0,1,0.0,0.0,0.0,0.0,0.002179,
2026-04-20 14:23:43,SL-01,IIT BBSR,0,1,0.0,0.0,0.0,0.0,0.002179,
2026-04-20 14:23:43,SL-01,IIT BBSR,0,1,0.0,0.0,0.0,0.0,0.002179,
2026-04-20 14:23:43,SL-01,IIT BBSR,0,1,0.0,0.0,0.0,0.0,0.002179,
2026-04-20 14:23:43,SL-01,IIT BBSR,0,1,0.0,0.0,0.0,0.0,0.002179,
2026-04-20 14:23:43,SL-01,IIT BBSR,0,1,0.0,0.0,0.0,0.0,0.002179,
2026-04-20 14:23:43,SL-01,IIT BBSR,0,1,0.0,0.0,0.0,0.0,0.002179,
2026-04-20 14:23:43,SL-01,IIT BBSR,0,1,0.0,0.0,0.0,0.0,0.002179,
2026-04-20 14:23:43,SL-01,IIT BBSR,0,1,0.0,0.0,0.0,0.0,0.002179,
2026-04-20 14:23:43,SL-01,IIT BBSR,0,1,0.0,0.0,0.0,0.0,0.002179,
2026-04-20 14:23:43,SL-01,IIT BBSR,0,1,0.0,0.0,0.0,0.0,0.002179,
2026-04-20 14:23:43,SL-01,IIT BBSR,0,1,0.0,0.0,0.0,0.0,0.002179,
2026-04-20 14:23:43,SL-01,IIT BBSR,0,1,0.0,0.0,0.0,0.0,0.002179,
2026-04-20 14:23:43,SL-01,IIT BBSR,0,1,0.0,0.0,0.0,0.0,0.002179,
2026-04-20 14:23:43,SL-01,IIT BBSR,0,1,0.0,0.0,0.0,0.0,0.002179,
2026-04-20 14:23:43,SL-01,IIT BBSR,0,1,0.0,0.0,0.0,0.0,0.002179,
2026-04-20 14:23:43,SL-01,IIT BBSR,0,1,0.0,0.0,0.0,0.0,0.002179,
2026-04-20 14:23:44,SL-01,IIT BBSR,0,1,0.0,0.0,0.0,0.0,0.002179,
2026-04-20 14:23:44,SL-01,IIT BBSR,0,1,0.0,0.0,0.0,0.0,0.002179,
2026-04-20 14:23:44,SL-01,IIT BBSR,0,1,0.0,0.0,0.0,0.0,0.002179,
2026-04-20 14:23:44,SL-01,IIT BBSR,0,1,0.0,0.0,0.0,0.0,0.002179,
2026-04-20 14:23:44,SL-01,IIT BBSR,0,1,0.0,0.0,0.0,0.0,0.002179,
2026-04-20 14:23:44,SL-01,IIT BBSR,0,1,0.0,0.0,0.0,0.0,0.002179,
2026-04-20 14:23:44,SL-01,IIT BBSR,0,1,0.0,0.0,0.0,0.0,0.002179,
2026-04-20 14:23:44,SL-01,IIT BBSR,0,1,0.0,0.0,0.0,0.0,0.002179,
2026-04-20 14:23:44,SL-01,IIT BBSR,0,1,0.0,0.0,0.0,0.0,0.002179,
2026-04-20 14:23:44,SL-01,IIT BBSR,0,1,0.0,0.0,0.0,0.0,0.002179,
2026-04-20 14:23:44,SL-01,IIT BBSR,0,1,0.0,0.0,0.0,0.0,0.002179,
2026-04-20 14:23:44,SL-01,IIT BBSR,0,1,0.0,0.0,0.0,0.0,0.002179,
2026-04-20 14:23:45,SL-01,IIT BBSR,0,1,0.0,0.0,0.0,0.0,0.002179,
2026-04-20 14:23:45,SL-01,IIT BBSR,0,1,0.0,0.0,0.0,0.0,0.002179,
2026-04-20 14:23:45,SL-01,IIT BBSR,0,1,0.0,0.0,0.0,0.0,0.002179,
2026-04-20 14:23:45,SL-01,IIT BBSR,0,1,0.0,0.0,0.0,0.0,0.002179,
2026-04-20 14:23:45,SL-01,IIT BBSR,0,1,0.0,0.0,0.0,0.0,0.002179,
2026-04-20 14:23:45,SL-01,IIT BBSR,0,1,0.0,0.0,0.0,0.0,0.002179,
2026-04-20 14:23:45,SL-01,IIT BBSR,0,1,0.0,0.0,0.0,0.0,0.002179,
2026-04-20 14:23:45,SL-01,IIT BBSR,0,1,0.0,0.0,0.0,0.0,0.002179,
2026-04-20 14:23:45,SL-01,IIT BBSR,0,1,0.0,0.0,0.0,0.0,0.002179,
2026-04-20 14:23:45,SL-01,IIT BBSR,0,1,0.0,0.0,0.0,0.0,0.002179,
2026-04-20 14:23:45,SL-01,IIT BBSR,0,1,0.0,0.0,0.0,0.0,0.002179,
2026-04-20 14:23:45,SL-01,IIT BBSR,0,1,0.0,0.0,0.0,0.0,0.002179,
2026-04-20 14:23:46,SL-01,IIT BBSR,0,1,0.0,0.0,0.0,0.0,0.002179,
2026-04-20 14:23:46,SL-01,IIT BBSR,0,1,0.0,0.0,0.0,0.0,0.002179,
2026-04-20 14:23:46,SL-01,IIT BBSR,0,1,0.0,0.0,0.0,0.0,0.002179,
2026-04-20 14:23:46,SL-01,IIT BBSR,0,1,0.0,0.0,0.0,0.0,0.002179,
2026-04-20 14:23:46,SL-01,IIT BBSR,0,1,0.0,0.0,0.0,0.0,0.002179,
2026-04-20 14:23:46,SL-01,IIT BBSR,0,1,0.0,0.0,0.0,0.0,0.002179,
2026-04-20 14:23:46,SL-01,IIT BBSR,1,1,100.0,230.0,0.06,13.8,0.002179,
2026-04-20 14:23:46,SL-01,IIT BBSR,1,1,100.0,230.0,0.06,13.8,0.002179,
2026-04-20 14:23:46,SL-01,IIT BBSR,1,1,100.0,230.0,0.06,13.8,0.00218,
2026-04-20 14:23:48,SL-01,IIT BBSR,1,1,100.0,230.0,0.06,13.8,0.002188,
2026-04-20 14:23:50,SL-01,IIT BBSR,1,1,100.0,230.0,0.06,13.8,0.002196,
2026-04-20 14:23:52,SL-01,IIT BBSR,1,1,100.0,230.0,0.06,13.8,0.002204,
2026-04-20 14:23:54,SL-01,IIT BBSR,1,1,100.0,230.0,0.06,13.8,0.002212,
2026-04-20 14:23:56,SL-01,IIT BBSR,0,1,0.0,0.0,0.0,0.0,0.002212,
2026-04-20 14:23:59,SL-01,IIT BBSR,0,1,0.0,0.0,0.0,0.0,0.002212,
2026-04-20 14:24:01,SL-01,IIT BBSR,0,1,0.0,0.0,0.0,0.0,0.002212,
2026-04-20 14:24:03,SL-01,IIT BBSR,0,1,0.0,0.0,0.0,0.0,0.002212,
2026-04-20 14:24:05,SL-01,IIT BBSR,0,1,0.0,0.0,0.0,0.0,0.002212,
2026-04-20 14:24:07,SL-01,IIT BBSR,0,1,0.0,0.0,0.0,0.0,0.002212,
2026-04-20 14:24:09,SL-01,IIT BBSR,1,1,100.0,230.0,0.06,13.8,0.00222,
2026-04-20 14:24:11,SL-01,IIT BBSR,1,1,100.0,230.0,0.06,13.8,0.002229,
2026-04-20 14:24:13,SL-01,IIT BBSR,1,1,100.0,230.0,0.06,13.8,0.002237,
2026-04-20 14:24:15,SL-01,IIT BBSR,1,1,100.0,230.0,0.06,13.8,0.002245,
2026-04-20 14:24:18,SL-01,IIT BBSR,1,1,100.0,230.0,0.06,13.8,0.002253,
2026-04-20 14:24:22,SL-01,IIT BBSR,0,1,0.0,0.0,0.0,0.0,0.002253,
2026-04-20 14:24:24,SL-01,IIT BBSR,0,1,0.0,0.0,0.0,0.0,0.002253,
2026-04-20 14:24:26,SL-01,IIT BBSR,0,1,0.0,0.0,0.0,0.0,0.002253,
2026-04-20 14:24:28,SL-01,IIT BBSR,0,1,0.0,0.0,0.0,0.0,0.002253,
2026-04-20 14:24:30,SL-01,IIT BBSR,0,1,0.0,0.0,0.0,0.0,0.002253,
2026-04-20 14:24:32,SL-01,IIT BBSR,0,1,0.0,0.0,0.0,0.0,0.002253,
2026-04-20 14:24:34,SL-01,IIT BBSR,0,1,0.0,0.0,0.0,0.0,0.002253,
2026-04-20 14:24:36,SL-01,IIT BBSR,0,1,0.0,0.0,0.0,0.0,0.002253,
2026-04-20 14:24:39,SL-01,IIT BBSR,0,1,0.0,0.0,0.0,0.0,0.002253,
2026-04-20 14:24:41,SL-01,IIT BBSR,0,1,0.0,0.0,0.0,0.0,0.002253,
2026-04-20 14:24:43,SL-01,IIT BBSR,0,1,0.0,0.0,0.0,0.0,0.002253,
2026-04-20 14:24:45,SL-01,IIT BBSR,0,1,0.0,0.0,0.0,0.0,0.002253,
2026-04-20 14:24:50,SL-01,IIT BBSR,0,1,0.0,0.0,0.0,0.0,0.002253,
2026-04-20 14:24:50,SL-01,IIT BBSR,0,1,0.0,0.0,0.0,0.0,0.002253,
2026-04-20 14:24:51,SL-01,IIT BBSR,0,1,0.0,0.0,0.0,0.0,0.002253,
2026-04-20 14:24:55,SL-01,IIT BBSR,0,1,0.0,0.0,0.0,0.0,0.002253,
2026-04-20 14:24:56,SL-01,IIT BBSR,0,1,0.0,0.0,0.0,0.0,0.002253,
2026-04-20 14:24:58,SL-01,IIT BBSR,0,1,0.0,0.0,0.0,0.0,0.002253,
2026-04-20 14:25:00,SL-01,IIT BBSR,0,1,0.0,0.0,0.0,0.0,0.002253,
2026-04-20 14:25:02,SL-01,IIT BBSR,0,1,0.0,0.0,0.0,0.0,0.002253,
2026-04-20 14:25:08,SL-01,IIT BBSR,0,1,0.0,0.0,0.0,0.0,0.002253,
2026-04-20 14:25:09,SL-01,IIT BBSR,0,1,0.0,0.0,0.0,0.0,0.002253,
2026-04-20 14:25:09,SL-01,IIT BBSR,0,1,0.0,0.0,0.0,0.0,0.002253,
2026-04-20 14:25:10,SL-01,IIT BBSR,0,1,0.0,0.0,0.0,0.0,0.002253,
2026-04-20 14:25:12,SL-01,IIT BBSR,0,1,0.0,0.0,0.0,0.0,0.002253,
2026-04-20 14:25:14,SL-01,IIT BBSR,0,1,0.0,0.0,0.0,0.0,0.002253,
2026-04-20 14:25:16,SL-01,IIT BBSR,0,1,0.0,0.0,0.0,0.0,0.002253,
2026-04-20 14:25:19,SL-01,IIT BBSR,0,1,0.0,0.0,0.0,0.0,0.002253,
2026-04-20 14:25:21,SL-01,IIT BBSR,0,1,0.0,0.0,0.0,0.0,0.002253,
2026-04-20 14:25:23,SL-01,IIT BBSR,0,1,0.0,0.0,0.0,0.0,0.002253,
2026-04-20 14:25:25,SL-01,IIT BBSR,0,1,0.0,0.0,0.0,0.0,0.002253,
2026-04-20 14:25:30,SL-01,IIT BBSR,0,1,0.0,0.0,0.0,0.0,0.002253,
2026-04-20 14:25:30,SL-01,IIT BBSR,0,1,0.0,0.0,0.0,0.0,0.002253,
2026-04-20 14:25:32,SL-01,IIT BBSR,0,1,0.0,0.0,0.0,0.0,0.002253,
2026-04-20 14:25:34,SL-01,IIT BBSR,0,1,0.0,0.0,0.0,0.0,0.002253,
2026-04-20 14:25:41,SL-01,IIT BBSR,0,1,0.0,0.0,0.0,0.0,0.002253,
2026-04-20 14:25:42,SL-01,IIT BBSR,0,1,0.0,0.0,0.0,0.0,0.002253,
2026-04-20 14:25:42,SL-01,IIT BBSR,0,1,0.0,0.0,0.0,0.0,0.002253,
2026-04-20 14:25:43,SL-01,IIT BBSR,0,1,0.0,0.0,0.0,0.0,0.002253,
2026-04-20 14:25:46,SL-01,IIT BBSR,0,1,0.0,0.0,0.0,0.0,0.002253,
2026-04-20 14:25:47,SL-01,IIT BBSR,0,1,0.0,0.0,0.0,0.0,0.002253,
2026-04-20 14:25:48,SL-01,IIT BBSR,0,1,0.0,0.0,0.0,0.0,0.002253,
2026-04-20 14:25:50,SL-01,IIT BBSR,0,1,0.0,0.0,0.0,0.0,0.002253,
2026-04-20 14:25:54,SL-01,IIT BBSR,0,1,0.0,0.0,0.0,0.0,0.002253,
2026-04-20 14:25:55,SL-01,IIT BBSR,0,1,0.0,0.0,0.0,0.0,0.002253,
2026-04-20 14:25:56,SL-01,IIT BBSR,0,1,0.0,0.0,0.0,0.0,0.002253,
2026-04-20 14:25:59,SL-01,IIT BBSR,0,1,0.0,0.0,0.0,0.0,0.002253,
2026-04-20 14:26:01,SL-01,IIT BBSR,0,1,0.0,0.0,0.0,0.0,0.002253,
2026-04-20 14:26:07,SL-01,IIT BBSR,0,1,0.0,0.0,0.0,0.0,0.002253,
2026-04-20 14:26:07,SL-01,IIT BBSR,0,1,0.0,0.0,0.0,0.0,0.002253,
2026-04-20 14:26:08,SL-01,IIT BBSR,0,1,0.0,0.0,0.0,0.0,0.002253,
2026-04-20 14:26:19,SL-01,IIT BBSR,0,1,0.0,0.0,0.0,0.0,0.002253,
2026-04-20 14:26:20,SL-01,IIT BBSR,0,1,0.0,0.0,0.0,0.0,0.002253,
2026-04-20 14:26:20,SL-01,IIT BBSR,0,1,0.0,0.0,0.0,0.0,0.002253,
2026-04-20 14:26:21,SL-01,IIT BBSR,0,1,0.0,0.0,0.0,0.0,0.002253,
2026-04-20 14:26:21,SL-01,IIT BBSR,0,1,0.0,0.0,0.0,0.0,0.002253,
2026-04-20 14:26:22,SL-01,IIT BBSR,0,1,0.0,0.0,0.0,0.0,0.002253,
2026-04-20 14:26:22,SL-01,IIT BBSR,0,1,0.0,0.0,0.0,0.0,0.002253,
2026-04-20 14:26:24,SL-01,IIT BBSR,0,1,0.0,0.0,0.0,0.0,0.002253,
2026-04-20 14:26:26,SL-01,IIT BBSR,0,1,0.0,0.0,0.0,0.0,0.002253,
2026-04-20 14:26:28,SL-01,IIT BBSR,0,1,0.0,0.0,0.0,0.0,0.002253,
2026-04-20 14:26:30,SL-01,IIT BBSR,0,1,0.0,0.0,0.0,0.0,0.002253,
2026-04-20 14:26:32,SL-01,IIT BBSR,0,1,0.0,0.0,0.0,0.0,0.002253,
2026-04-20 14:26:34,SL-01,IIT BBSR,0,1,0.0,0.0,0.0,0.0,0.002253,
2026-04-20 14:26:36,SL-01,IIT BBSR,0,1,0.0,0.0,0.0,0.0,0.002253,
2026-04-20 14:26:39,SL-01,IIT BBSR,0,1,0.0,0.0,0.0,0.0,0.002253,
2026-04-20 14:26:41,SL-01,IIT BBSR,0,1,0.0,0.0,0.0,0.0,0.002253,
2026-04-20 14:26:43,SL-01,IIT BBSR,0,1,0.0,0.0,0.0,0.0,0.002253,
2026-04-20 14:26:45,SL-01,IIT BBSR,0,1,0.0,0.0,0.0,0.0,0.002253,
2026-04-20 14:26:48,SL-01,IIT BBSR,0,1,0.0,0.0,0.0,0.0,0.002253,
2026-04-20 14:26:49,SL-01,IIT BBSR,0,1,0.0,0.0,0.0,0.0,0.002253,
2026-04-20 14:26:51,SL-01,IIT BBSR,0,1,0.0,0.0,0.0,0.0,0.002253,
2026-04-20 14:26:53,SL-01,IIT BBSR,0,1,0.0,0.0,0.0,0.0,0.002253,
2026-04-20 14:26:55,SL-01,IIT BBSR,0,1,0.0,0.0,0.0,0.0,0.002253,
2026-04-20 14:26:57,SL-01,IIT BBSR,0,1,0.0,0.0,0.0,0.0,0.002253,
2026-04-20 14:27:00,SL-01,IIT BBSR,0,1,0.0,0.0,0.0,0.0,0.002253,
2026-04-20 14:27:02,SL-01,IIT BBSR,0,1,0.0,0.0,0.0,0.0,0.002253,
2026-04-20 14:27:04,SL-01,IIT BBSR,0,1,0.0,0.0,0.0,0.0,0.002253,
2026-04-20 14:27:06,SL-01,IIT BBSR,0,1,0.0,0.0,0.0,0.0,0.002253,
2026-04-20 14:27:08,SL-01,IIT BBSR,0,1,0.0,0.0,0.0,0.0,0.002253,
2026-04-20 14:27:10,SL-01,IIT BBSR,0,1,0.0,0.0,0.0,0.0,0.002253,
2026-04-20 14:27:12,SL-01,IIT BBSR,0,1,0.0,0.0,0.0,0.0,0.002253,
2026-04-20 14:27:14,SL-01,IIT BBSR,0,1,0.0,0.0,0.0,0.0,0.002253,
2026-04-20 14:27:16,SL-01,IIT BBSR,0,1,0.0,0.0,0.0,0.0,0.002253,
2026-04-20 14:27:19,SL-01,IIT BBSR,0,1,0.0,0.0,0.0,0.0,0.002253,
2026-04-20 14:27:21,SL-01,IIT BBSR,0,1,0.0,0.0,0.0,0.0,0.002253,
2026-04-20 14:27:23,SL-01,IIT BBSR,0,1,0.0,0.0,0.0,0.0,0.002253,
2026-04-20 14:27:25,SL-01,IIT BBSR,0,1,0.0,0.0,0.0,0.0,0.002253,
2026-04-20 14:27:27,SL-01,IIT BBSR,0,1,0.0,0.0,0.0,0.0,0.002253,
2026-04-20 14:27:29,SL-01,IIT BBSR,0,1,0.0,0.0,0.0,0.0,0.002253,
2026-04-20 14:27:31,SL-01,IIT BBSR,0,1,0.0,0.0,0.0,0.0,0.002253,
2026-04-20 14:27:33,SL-01,IIT BBSR,0,1,0.0,0.0,0.0,0.0,0.002253,
2026-04-20 14:27:35,SL-01,IIT BBSR,0,1,0.0,0.0,0.0,0.0,0.002253,
2026-04-20 14:27:37,SL-01,IIT BBSR,0,1,0.0,0.0,0.0,0.0,0.002253,
2026-04-20 14:27:40,SL-01,IIT BBSR,0,1,0.0,0.0,0.0,0.0,0.002253,
2026-04-20 14:27:42,SL-01,IIT BBSR,0,1,0.0,0.0,0.0,0.0,0.002253,
2026-04-20 14:27:44,SL-01,IIT BBSR,0,1,0.0,0.0,0.0,0.0,0.002253,
2026-04-20 14:27:46,SL-01,IIT BBSR,0,1,0.0,0.0,0.0,0.0,0.002253,
2026-04-20 14:27:48,SL-01,IIT BBSR,0,1,0.0,0.0,0.0,0.0,0.002253,
2026-04-20 14:27:50,SL-01,IIT BBSR,0,1,0.0,0.0,0.0,0.0,0.002253,
2026-04-20 14:27:52,SL-01,IIT BBSR,0,1,0.0,0.0,0.0,0.0,0.002253,
2026-04-20 14:27:54,SL-01,IIT BBSR,0,1,0.0,0.0,0.0,0.0,0.002253,
2026-04-20 14:27:56,SL-01,IIT BBSR,0,1,0.0,0.0,0.0,0.0,0.002253,
2026-04-20 14:27:58,SL-01,IIT BBSR,0,1,0.0,0.0,0.0,0.0,0.002253,
2026-04-20 14:28:01,SL-01,IIT BBSR,0,1,0.0,0.0,0.0,0.0,0.002253,
2026-04-20 14:28:03,SL-01,IIT BBSR,0,1,0.0,0.0,0.0,0.0,0.002253,
2026-04-20 14:28:05,SL-01,IIT BBSR,0,1,0.0,0.0,0.0,0.0,0.002253,
2026-04-20 14:28:07,SL-01,IIT BBSR,0,1,0.0,0.0,0.0,0.0,0.002253,
2026-04-20 14:28:09,SL-01,IIT BBSR,0,1,0.0,0.0,0.0,0.0,0.002253,
2026-04-20 14:28:11,SL-01,IIT BBSR,0,1,0.0,0.0,0.0,0.0,0.002253,
2026-04-20 14:28:13,SL-01,IIT BBSR,0,1,0.0,0.0,0.0,0.0,0.002253,
2026-04-20 14:28:15,SL-01,IIT BBSR,0,1,0.0,0.0,0.0,0.0,0.002253,
2026-04-20 14:28:17,SL-01,IIT BBSR,0,1,0.0,0.0,0.0,0.0,0.002253,
2026-04-20 14:28:20,SL-01,IIT BBSR,0,1,0.0,0.0,0.0,0.0,0.002253,
2026-04-20 14:28:22,SL-01,IIT BBSR,0,1,0.0,0.0,0.0,0.0,0.002253,
2026-04-20 14:28:24,SL-01,IIT BBSR,0,1,0.0,0.0,0.0,0.0,0.002253,
2026-04-20 14:28:26,SL-01,IIT BBSR,0,1,0.0,0.0,0.0,0.0,0.002253,
2026-04-20 14:28:28,SL-01,IIT BBSR,0,1,0.0,0.0,0.0,0.0,0.002253,
2026-04-20 14:28:30,SL-01,IIT BBSR,0,1,0.0,0.0,0.0,0.0,0.002253,
2026-04-20 14:30:12,SL-01,IIT BBSR,0,1,0.0,0.0,0.0,0.0,0.002253,
2026-04-20 14:30:14,SL-01,IIT BBSR,0,1,0.0,0.0,0.0,0.0,0.002253,
2026-04-20 14:30:16,SL-01,IIT BBSR,0,1,0.0,0.0,0.0,0.0,0.002253,
2026-04-20 14:30:18,SL-01,IIT BBSR,0,1,0.0,0.0,0.0,0.0,0.002253,
2026-04-20 14:30:20,SL-01,IIT BBSR,0,1,0.0,0.0,0.0,0.0,0.002253,
2026-04-20 14:30:22,SL-01,IIT BBSR,0,1,0.0,0.0,0.0,0.0,0.002253,
2026-04-20 14:30:24,SL-01,IIT BBSR,0,1,0.0,0.0,0.0,0.0,0.002253,
2026-04-20 14:30:26,SL-01,IIT BBSR,0,1,0.0,0.0,0.0,0.0,0.002253,
2026-04-20 14:30:28,SL-01,IIT BBSR,0,1,0.0,0.0,0.0,0.0,0.002253,
2026-04-20 14:30:31,SL-01,IIT BBSR,0,1,0.0,0.0,0.0,0.0,0.002253,
2026-04-20 14:30:33,SL-01,IIT BBSR,0,1,0.0,0.0,0.0,0.0,0.002253,
2026-04-20 14:30:35,SL-01,IIT BBSR,0,1,0.0,0.0,0.0,0.0,0.002253,
2026-04-20 14:30:37,SL-01,IIT BBSR,0,1,0.0,0.0,0.0,0.0,0.002253,
2026-04-20 14:30:39,SL-01,IIT BBSR,0,1,0.0,0.0,0.0,0.0,0.002253,
2026-04-20 14:30:41,SL-01,IIT BBSR,0,1,0.0,0.0,0.0,0.0,0.002253,
2026-04-20 14:30:43,SL-01,IIT BBSR,0,1,0.0,0.0,0.0,0.0,0.002253,
2026-04-20 14:30:45,SL-01,IIT BBSR,0,1,0.0,0.0,0.0,0.0,0.002253,
2026-04-20 14:30:47,SL-01,IIT BBSR,0,1,0.0,0.0,0.0,0.0,0.002253,
2026-04-20 14:30:50,SL-01,IIT BBSR,0,1,0.0,0.0,0.0,0.0,0.002253,
2026-04-20 14:30:52,SL-01,IIT BBSR,0,1,0.0,0.0,0.0,0.0,0.002253,
2026-04-20 14:30:54,SL-01,IIT BBSR,0,1,0.0,0.0,0.0,0.0,0.002253,
2026-04-20 14:30:56,SL-01,IIT BBSR,0,1,0.0,0.0,0.0,0.0,0.002253,
2026-04-20 14:30:58,SL-01,IIT BBSR,0,1,0.0,0.0,0.0,0.0,0.002253,
2026-04-20 14:31:00,SL-01,IIT BBSR,0,1,0.0,0.0,0.0,0.0,0.002253,
2026-04-20 14:31:02,SL-01,IIT BBSR,0,1,0.0,0.0,0.0,0.0,0.002253,
2026-04-20 14:31:04,SL-01,IIT BBSR,0,1,0.0,0.0,0.0,0.0,0.002253,
2026-04-20 14:31:06,SL-01,IIT BBSR,0,1,0.0,0.0,0.0,0.0,0.002253,
2026-04-20 14:31:08,SL-01,IIT BBSR,0,1,0.0,0.0,0.0,0.0,0.002253,
2026-04-20 14:31:11,SL-01,IIT BBSR,0,1,0.0,0.0,0.0,0.0,0.002253,
2026-04-20 14:31:13,SL-01,IIT BBSR,0,1,0.0,0.0,0.0,0.0,0.002253,
2026-04-20 14:31:15,SL-01,IIT BBSR,0,1,0.0,0.0,0.0,0.0,0.002253,
2026-04-20 14:31:17,SL-01,IIT BBSR,0,1,0.0,0.0,0.0,0.0,0.002253,
2026-04-20 14:31:19,SL-01,IIT BBSR,0,1,0.0,0.0,0.0,0.0,0.002253,
2026-04-20 14:31:21,SL-01,IIT BBSR,0,1,0.0,0.0,0.0,0.0,0.002253,
2026-04-20 14:31:23,SL-01,IIT BBSR,0,1,0.0,0.0,0.0,0.0,0.002253,
2026-04-20 14:31:25,SL-01,IIT BBSR,0,1,0.0,0.0,0.0,0.0,0.002253,
2026-04-20 14:31:27,SL-01,IIT BBSR,0,1,0.0,0.0,0.0,0.0,0.002253,
2026-04-20 14:31:29,SL-01,IIT BBSR,0,1,0.0,0.0,0.0,0.0,0.002253,
2026-04-20 14:31:32,SL-01,IIT BBSR,0,1,0.0,0.0,0.0,0.0,0.002253,
2026-04-20 14:31:34,SL-01,IIT BBSR,0,1,0.0,0.0,0.0,0.0,0.002253,
2026-04-20 14:31:36,SL-01,IIT BBSR,0,1,0.0,0.0,0.0,0.0,0.002253,
2026-04-20 14:31:38,SL-01,IIT BBSR,0,1,0.0,0.0,0.0,0.0,0.002253,
2026-04-20 14:31:40,SL-01,IIT BBSR,0,1,0.0,0.0,0.0,0.0,0.002253,
2026-04-20 14:31:42,SL-01,IIT BBSR,0,1,0.0,0.0,0.0,0.0,0.002253,
2026-04-20 14:31:44,SL-01,IIT BBSR,0,1,0.0,0.0,0.0,0.0,0.002253,
2026-04-20 14:31:46,SL-01,IIT BBSR,0,1,0.0,0.0,0.0,0.0,0.002253,
2026-04-20 14:31:48,SL-01,IIT BBSR,0,1,0.0,0.0,0.0,0.0,0.002253,
2026-04-20 14:31:51,SL-01,IIT BBSR,0,1,0.0,0.0,0.0,0.0,0.002253,
2026-04-20 14:31:53,SL-01,IIT BBSR,0,1,0.0,0.0,0.0,0.0,0.002253,
2026-04-20 14:31:55,SL-01,IIT BBSR,0,1,0.0,0.0,0.0,0.0,0.002253,
2026-04-20 14:31:57,SL-01,IIT BBSR,0,1,0.0,0.0,0.0,0.0,0.002253,
2026-04-20 14:31:59,SL-01,IIT BBSR,0,1,0.0,0.0,0.0,0.0,0.002253,
2026-04-20 14:32:01,SL-01,IIT BBSR,0,1,0.0,0.0,0.0,0.0,0.002253,
2026-04-20 14:32:03,SL-01,IIT BBSR,0,1,0.0,0.0,0.0,0.0,0.002253,
2026-04-20 14:32:05,SL-01,IIT BBSR,0,1,0.0,0.0,0.0,0.0,0.002253,
2026-04-20 14:32:07,SL-01,IIT BBSR,0,1,0.0,0.0,0.0,0.0,0.002253,
2026-04-20 14:32:09,SL-01,IIT BBSR,0,1,0.0,0.0,0.0,0.0,0.002253,
2026-04-20 14:32:12,SL-01,IIT BBSR,0,1,0.0,0.0,0.0,0.0,0.002253,
2026-04-20 14:32:14,SL-01,IIT BBSR,0,1,0.0,0.0,0.0,0.0,0.002253,
2026-04-20 14:32:16,SL-01,IIT BBSR,0,1,0.0,0.0,0.0,0.0,0.002253,
2026-04-20 14:32:18,SL-01,IIT BBSR,0,1,0.0,0.0,0.0,0.0,0.002253,
2026-04-20 14:32:20,SL-01,IIT BBSR,0,1,0.0,0.0,0.0,0.0,0.002253,
2026-04-20 14:32:22,SL-01,IIT BBSR,0,1,0.0,0.0,0.0,0.0,0.002253,
2026-04-20 14:32:24,SL-01,IIT BBSR,0,1,0.0,0.0,0.0,0.0,0.002253,
2026-04-20 14:33:23,SL-01,IIT BBSR,1,1,100.0,230.0,0.06,13.8,0.002479,
2026-04-20 14:33:25,SL-01,IIT BBSR,1,1,100.0,230.0,0.06,13.8,0.002487,
2026-04-20 14:33:27,SL-01,IIT BBSR,1,0,30.0,230.0,0.04,9.2,0.002492,
2026-04-20 14:33:29,SL-01,IIT BBSR,1,0,30.0,230.0,0.04,9.2,0.002497,
2026-04-20 14:33:32,SL-01,IIT BBSR,1,0,30.0,230.0,0.04,9.2,0.002503,
2026-04-20 14:33:34,SL-01,IIT BBSR,1,0,30.0,230.0,0.04,9.2,0.002508,
2026-04-20 14:33:36,SL-01,IIT BBSR,1,0,30.0,230.0,0.04,9.2,0.002514,
2026-04-20 14:33:38,SL-01,IIT BBSR,1,0,30.0,230.0,0.04,9.2,0.002519,
2026-04-20 14:33:40,SL-01,IIT BBSR,1,1,100.0,230.0,0.06,13.8,0.002527,
2026-04-20 14:33:42,SL-01,IIT BBSR,1,1,100.0,230.0,0.06,13.8,0.002535,
2026-04-20 14:33:44,SL-01,IIT BBSR,1,1,100.0,230.0,0.06,13.8,0.002543,
2026-04-20 14:33:46,SL-01,IIT BBSR,0,1,0.0,0.0,0.0,0.0,0.002543,
2026-04-20 14:33:48,SL-01,IIT BBSR,0,1,0.0,0.0,0.0,0.0,0.002543,
2026-04-20 14:33:51,SL-01,IIT BBSR,1,1,100.0,230.0,0.06,13.8,0.002551,
2026-04-20 14:33:53,SL-01,IIT BBSR,1,1,100.0,230.0,0.06,13.8,0.00256,
2026-04-20 14:33:55,SL-01,IIT BBSR,1,1,100.0,230.0,0.06,13.8,0.002568,
2026-04-20 14:35:30,SL-01,IIT BBSR,0,1,0.0,0.0,0.0,0.0,0.0,
2026-04-20 14:35:33,SL-01,IIT BBSR,0,1,0.0,0.0,0.0,0.0,0.0,
2026-04-20 14:35:35,SL-01,IIT BBSR,0,1,0.0,0.0,0.0,0.0,0.0,
2026-04-20 14:35:37,SL-01,IIT BBSR,1,1,100.0,230.0,0.06,13.8,8e-06,
2026-04-20 14:35:39,SL-01,IIT BBSR,0,1,0.0,0.0,0.0,0.0,8e-06,
2026-04-20 14:35:41,SL-01,IIT BBSR,0,1,0.0,0.0,0.0,0.0,8e-06,
2026-04-20 14:35:43,SL-01,IIT BBSR,0,1,0.0,0.0,0.0,0.0,8e-06,
2026-04-20 14:35:45,SL-01,IIT BBSR,0,1,0.0,0.0,0.0,0.0,8e-06,
2026-04-20 14:35:47,SL-01,IIT BBSR,1,1,100.0,230.0,0.06,13.8,1.6e-05,
2026-04-20 14:35:49,SL-01,IIT BBSR,1,1,100.0,230.0,0.06,13.8,2.4e-05,
2026-04-20 14:35:51,SL-01,IIT BBSR,1,1,100.0,230.0,0.06,13.8,3.2e-05,
2026-04-20 14:35:54,SL-01,IIT BBSR,1,1,100.0,230.0,0.06,13.8,4.1e-05,
2026-04-20 14:35:56,SL-01,IIT BBSR,1,1,100.0,230.0,0.06,13.8,4.9e-05,
2026-04-20 14:35:58,SL-01,IIT BBSR,1,1,100.0,230.0,0.06,13.8,5.7e-05,
2026-04-20 14:36:00,SL-01,IIT BBSR,1,1,100.0,230.0,0.06,13.8,6.5e-05,
2026-04-20 14:36:02,SL-01,IIT BBSR,1,1,100.0,230.0,0.06,13.8,7.3e-05,
2026-04-20 14:36:04,SL-01,IIT BBSR,1,1,100.0,230.0,0.06,13.8,8.1e-05,
2026-04-20 14:36:06,SL-01,IIT BBSR,1,1,100.0,230.0,0.06,13.8,8.9e-05,
2026-04-20 14:36:08,SL-01,IIT BBSR,1,1,100.0,230.0,0.06,13.8,9.7e-05,
2026-04-20 14:36:11,SL-01,IIT BBSR,1,1,100.0,230.0,0.06,13.8,0.000105,
2026-04-20 14:36:13,SL-01,IIT BBSR,1,1,100.0,230.0,0.06,13.8,0.000113,
2026-04-20 14:36:15,SL-01,IIT BBSR,1,1,100.0,230.0,0.06,13.8,0.000122,
2026-04-20 14:36:17,SL-01,IIT BBSR,0,1,0.0,0.0,0.0,0.0,0.000122,
2026-04-20 14:36:19,SL-01,IIT BBSR,0,1,0.0,0.0,0.0,0.0,0.000122,
2026-04-20 14:36:21,SL-01,IIT BBSR,1,1,100.0,230.0,0.06,13.8,0.00013,
2026-04-20 14:36:23,SL-01,IIT BBSR,1,1,100.0,230.0,0.06,13.8,0.000138,
2026-04-20 14:36:25,SL-01,IIT BBSR,0,1,0.0,0.0,0.0,0.0,0.000138,
2026-04-20 14:36:27,SL-01,IIT BBSR,0,1,0.0,0.0,0.0,0.0,0.000138,
2026-04-20 14:36:29,SL-01,IIT BBSR,0,1,0.0,0.0,0.0,0.0,0.000138,
2026-04-20 14:36:32,SL-01,IIT BBSR,0,1,0.0,0.0,0.0,0.0,0.000138,
2026-04-20 14:36:34,SL-01,IIT BBSR,1,1,100.0,230.0,0.06,13.8,0.000146,
2026-04-20 14:36:36,SL-01,IIT BBSR,1,1,100.0,230.0,0.06,13.8,0.000154,
2026-04-20 14:36:38,SL-01,IIT BBSR,0,1,0.0,0.0,0.0,0.0,0.000154,
2026-04-20 14:36:40,SL-01,IIT BBSR,0,1,0.0,0.0,0.0,0.0,0.000154,
2026-04-20 14:36:42,SL-01,IIT BBSR,1,1,100.0,230.0,0.06,13.8,0.000162,
2026-04-20 14:36:44,SL-01,IIT BBSR,1,1,100.0,230.0,0.06,13.8,0.00017,
2026-04-20 14:36:46,SL-01,IIT BBSR,1,1,100.0,230.0,0.06,13.8,0.000178,
2026-04-20 14:36:48,SL-01,IIT BBSR,0,1,0.0,0.0,0.0,0.0,0.000178,
2026-04-20 14:36:51,SL-01,IIT BBSR,0,1,0.0,0.0,0.0,0.0,0.000178,
2026-04-20 14:36:53,SL-01,IIT BBSR,0,1,0.0,0.0,0.0,0.0,0.000178,
2026-04-20 14:36:55,SL-01,IIT BBSR,0,1,0.0,0.0,0.0,0.0,0.000178,
2026-04-20 14:36:57,SL-01,IIT BBSR,0,1,0.0,0.0,0.0,0.0,0.000178,
2026-04-20 14:36:59,SL-01,IIT BBSR,0,1,0.0,0.0,0.0,0.0,0.000178,
2026-04-20 14:37:01,SL-01,IIT BBSR,0,1,0.0,0.0,0.0,0.0,0.000178,
2026-04-20 14:37:03,SL-01,IIT BBSR,0,1,0.0,0.0,0.0,0.0,0.000178,
2026-04-20 14:37:05,SL-01,IIT BBSR,0,1,0.0,0.0,0.0,0.0,0.000178,
2026-04-20 14:37:07,SL-01,IIT BBSR,0,1,0.0,0.0,0.0,0.0,0.000178,
2026-04-20 14:37:10,SL-01,IIT BBSR,0,1,0.0,0.0,0.0,0.0,0.000178,
2026-04-20 14:37:12,SL-01,IIT BBSR,0,1,0.0,0.0,0.0,0.0,0.000178,
2026-04-20 14:37:14,SL-01,IIT BBSR,0,1,0.0,0.0,0.0,0.0,0.000178,
2026-04-20 14:37:16,SL-01,IIT BBSR,0,1,0.0,0.0,0.0,0.0,0.000178,
2026-04-20 14:37:18,SL-01,IIT BBSR,0,1,0.0,0.0,0.0,0.0,0.000178,
2026-04-20 14:37:20,SL-01,IIT BBSR,1,1,100.0,230.0,0.06,13.8,0.000186,
2026-04-20 14:37:22,SL-01,IIT BBSR,1,1,100.0,230.0,0.06,13.8,0.000195,
2026-04-20 14:37:24,SL-01,IIT BBSR,0,1,0.0,0.0,0.0,0.0,0.000195,
2026-04-20 14:37:26,SL-01,IIT BBSR,0,1,0.0,0.0,0.0,0.0,0.000195,
2026-04-20 14:37:28,SL-01,IIT BBSR,0,1,0.0,0.0,0.0,0.0,0.000195,
2026-04-20 14:37:31,SL-01,IIT BBSR,0,1,0.0,0.0,0.0,0.0,0.000195,
2026-04-20 14:37:33,SL-01,IIT BBSR,0,1,0.0,0.0,0.0,0.0,0.000195,
2026-04-20 14:37:35,SL-01,IIT BBSR,0,1,0.0,0.0,0.0,0.0,0.000195,
2026-04-20 14:37:37,SL-01,IIT BBSR,0,1,0.0,0.0,0.0,0.0,0.000195,
2026-04-20 14:37:39,SL-01,IIT BBSR,0,1,0.0,0.0,0.0,0.0,0.000195,
2026-04-20 14:37:41,SL-01,IIT BBSR,0,1,0.0,0.0,0.0,0.0,0.000195,
2026-04-20 14:37:43,SL-01,IIT BBSR,0,1,0.0,0.0,0.0,0.0,0.000195,
2026-04-20 14:37:45,SL-01,IIT BBSR,0,1,0.0,0.0,0.0,0.0,0.000195,
2026-04-20 14:37:47,SL-01,IIT BBSR,0,1,0.0,0.0,0.0,0.0,0.000195,
2026-04-20 14:37:50,SL-01,IIT BBSR,0,1,0.0,0.0,0.0,0.0,0.000195,
2026-04-20 14:37:52,SL-01,IIT BBSR,0,1,0.0,0.0,0.0,0.0,0.000195,
2026-04-20 14:37:54,SL-01,IIT BBSR,0,1,0.0,0.0,0.0,0.0,0.000195,
2026-04-20 14:37:56,SL-01,IIT BBSR,0,1,0.0,0.0,0.0,0.0,0.000195,
2026-04-20 14:37:58,SL-01,IIT BBSR,0,1,0.0,0.0,0.0,0.0,0.000195,
2026-04-20 14:38:00,SL-01,IIT BBSR,0,1,0.0,0.0,0.0,0.0,0.000195,
2026-04-20 14:38:02,SL-01,IIT BBSR,0,1,0.0,0.0,0.0,0.0,0.000195,
2026-04-20 14:38:04,SL-01,IIT BBSR,0,1,0.0,0.0,0.0,0.0,0.000195,
2026-04-20 14:38:06,SL-01,IIT BBSR,0,1,0.0,0.0,0.0,0.0,0.000195,
2026-04-20 14:38:08,SL-01,IIT BBSR,0,1,0.0,0.0,0.0,0.0,0.000195,
2026-04-20 14:38:11,SL-01,IIT BBSR,0,1,0.0,0.0,0.0,0.0,0.000195,
2026-04-20 14:38:13,SL-01,IIT BBSR,0,1,0.0,0.0,0.0,0.0,0.000195,
2026-04-20 14:38:15,SL-01,IIT BBSR,0,1,0.0,0.0,0.0,0.0,0.000195,
2026-04-20 14:38:17,SL-01,IIT BBSR,0,1,0.0,0.0,0.0,0.0,0.000195,
2026-04-20 14:38:19,SL-01,IIT BBSR,0,1,0.0,0.0,0.0,0.0,0.000195,
2026-04-20 14:38:21,SL-01,IIT BBSR,0,1,0.0,0.0,0.0,0.0,0.000195,
2026-04-20 14:38:23,SL-01,IIT BBSR,0,1,0.0,0.0,0.0,0.0,0.000195,
2026-04-20 14:38:25,SL-01,IIT BBSR,0,1,0.0,0.0,0.0,0.0,0.000195,
2026-04-20 14:38:27,SL-01,IIT BBSR,0,1,0.0,0.0,0.0,0.0,0.000195,
2026-04-20 14:38:29,SL-01,IIT BBSR,0,1,0.0,0.0,0.0,0.0,0.000195,
2026-04-20 14:38:32,SL-01,IIT BBSR,0,1,0.0,0.0,0.0,0.0,0.000195,
2026-04-20 14:38:34,SL-01,IIT BBSR,0,1,0.0,0.0,0.0,0.0,0.000195,
2026-04-20 14:38:36,SL-01,IIT BBSR,0,1,0.0,0.0,0.0,0.0,0.000195,
2026-04-20 14:38:38,SL-01,IIT BBSR,0,1,0.0,0.0,0.0,0.0,0.000195,
